{
    "data": {
        "lookups": [
            "trait"
        ],
        "name": "intent",
        "lang": "en",
        "id": "intent",
        "doc": "User-defined entity",
        "builtin": false,
        "values": [
            {
                "value": "meaning of life",
                "expressions": []
            },
            {
                "value": "weather",
                "expressions": []
            },
            {
                "value": "news",
                "expressions": []
            },
            {
                "value": "user status",
                "expressions": []
            },
            {
                "value": "user name",
                "expressions": []
            },
            {
                "value": "appreciation",
                "expressions": []
            },
            {
                "value": "appearance",
                "expressions": []
            },
            {
                "value": "holidays",
                "expressions": []
            },
            {
                "value": "maps",
                "expressions": []
            },
            {
                "value": "snow white",
                "expressions": []
            },
            {
                "value": "joke",
                "expressions": []
            },
            {
                "value": "greeting",
                "expressions": []
            },
            {
                "value": "insult",
                "expressions": []
            },
            {
                "value": "personal status",
                "expressions": []
            }
        ]
    }
}
