{
    "data": [
        {
            "text": "show me your face",
            "entities": [
                {
                    "entity": "intent",
                    "value": "\"appearance\""
                }
            ]
        },
        {
            "text": "what do I have on my calendar for today",
            "entities": [
                {
                    "entity": "datetime",
                    "value": "\"2016-09-18T00:00:00.000+07:00\"",
                    "start": 34,
                    "end": 39
                }
            ]
        },
        {
            "text": "what are some current events?",
            "entities": [
                {
                    "entity": "intent",
                    "value": "\"news\""
                }
            ]
        },
        {
            "text": "tell me a joke",
            "entities": [
                {
                    "entity": "intent",
                    "value": "\"joke\""
                }
            ]
        },
        {
            "text": "who am I",
            "entities": [
                {
                    "entity": "intent",
                    "value": "\"user name\""
                }
            ]
        },
        {
            "text": "show me the weather",
            "entities": [
                {
                    "entity": "intent",
                    "value": "\"weather\""
                }
            ]
        },
        {
            "text": "thanks",
            "entities": [
                {
                    "entity": "intent",
                    "value": "\"appreciation\""
                }
            ]
        },
        {
            "text": "thanks for your help",
            "entities": [
                {
                    "entity": "intent",
                    "value": "\"appreciation\""
                }
            ]
        },
        {
            "text": "thank you",
            "entities": [
                {
                    "entity": "intent",
                    "value": "\"appreciation\""
                }
            ]
        },
        {
            "text": "who's the fairest of them all",
            "entities": [
                {
                    "entity": "intent",
                    "value": "\"snow white\""
                }
            ]
        },
        {
            "text": "why am i here",
            "entities": [
                {
                    "entity": "intent",
                    "value": "\"meaning of life\""
                }
            ]
        },
        {
            "text": "show yourself",
            "entities": [
                {
                    "entity": "intent",
                    "value": "\"appearance\""
                }
            ]
        },
        {
            "text": "you are a b****",
            "entities": [
                {
                    "entity": "intent",
                    "value": "\"insult\""
                }
            ]
        },
        {
            "text": "what are you?",
            "entities": [
                {
                    "entity": "intent",
                    "value": "\"appearance\""
                }
            ]
        },
        {
            "text": "you are a c***",
            "entities": [
                {
                    "entity": "intent",
                    "value": "\"insult\""
                }
            ]
        },
        {
            "text": "who are you?",
            "entities": [
                {
                    "entity": "intent",
                    "value": "\"appearance\""
                }
            ]
        },
        {
            "text": "show me the news",
            "entities": [
                {
                    "entity": "intent",
                    "value": "\"news\""
                }
            ]
        },
        {
            "text": "show me some current news",
            "entities": [
                {
                    "entity": "intent",
                    "value": "\"news\""
                }
            ]
        },
        {
            "text": "show me what you look like",
            "entities": [
                {
                    "entity": "intent",
                    "value": "\"appearance\""
                }
            ]
        },
        {
            "text": "what are some upcoming holidays",
            "entities": [
                {
                    "entity": "intent",
                    "value": "\"holidays\""
                }
            ]
        },
        {
            "text": "what's the weather look like this week?",
            "entities": [
                {
                    "entity": "intent",
                    "value": "\"weather\""
                },
                {
                    "entity": "datetime",
                    "value": "\"2016-09-12T00:00:00.000+07:00\"",
                    "start": 29,
                    "end": 38
                }
            ]
        },
        {
            "text": "what's the 7 day forecast?",
            "entities": [
                {
                    "entity": "intent",
                    "value": "\"weather\""
                },
                {
                    "entity": "Weather-Type",
                    "value": "\"7 day\"",
                    "start": 11,
                    "end": 16
                }
            ]
        },
        {
            "text": "whats the seven day forecast?",
            "entities": [
                {
                    "entity": "intent",
                    "value": "\"weather\""
                },
                {
                    "entity": "Weather-Type",
                    "value": "\"7 day\"",
                    "start": 10,
                    "end": 19
                }
            ]
        },
        {
            "text": "what's today's forecast",
            "entities": [
                {
                    "entity": "intent",
                    "value": "\"weather\""
                },
                {
                    "entity": "datetime",
                    "value": "\"2016-09-18T00:00:00.000+07:00\"",
                    "start": 7,
                    "end": 12
                }
            ]
        },
        {
            "text": "what's the weather look like for the rest of the week",
            "entities": [
                {
                    "entity": "intent",
                    "value": "\"weather\""
                },
                {
                    "entity": "Weather-Type",
                    "value": "\"7 day\"",
                    "start": 37,
                    "end": 53
                }
            ]
        },
        {
            "text": "what's today's news",
            "entities": [
                {
                    "entity": "intent",
                    "value": "\"news\""
                }
            ]
        },
        {
            "text": "what's today's weather",
            "entities": [
                {
                    "entity": "intent",
                    "value": "\"weather\""
                },
                {
                    "entity": "datetime",
                    "value": "\"2016-10-04T00:00:00.000+07:00\"",
                    "start": 7,
                    "end": 12
                }
            ]
        },
        {
            "text": "what's the weather currently",
            "entities": [
                {
                    "entity": "intent",
                    "value": "\"weather\""
                },
                {
                    "entity": "Weather-Type",
                    "value": "\"current\""
                }
            ]
        },
        {
            "text": "what's today's news?",
            "entities": [
                {
                    "entity": "intent",
                    "value": "\"news\""
                },
                {
                    "entity": "datetime",
                    "value": "\"2016-09-30T00:00:00.000+07:00\"",
                    "start": 7,
                    "end": 12
                }
            ]
        },
        {
            "text": "what's the 3 day forecast",
            "entities": [
                {
                    "entity": "intent",
                    "value": "\"weather\""
                },
                {
                    "entity": "Weather-Type",
                    "value": "\"3 day\"",
                    "start": 11,
                    "end": 16
                }
            ]
        },
        {
            "text": "what's the weather like tomorrow",
            "entities": [
                {
                    "entity": "intent",
                    "value": "\"weather\""
                },
                {
                    "entity": "datetime",
                    "value": "\"2016-09-19T00:00:00.000+07:00\"",
                    "start": 24,
                    "end": 32
                }
            ]
        },
        {
            "text": "anything on the calendar",
            "entities": [
                {
                    "entity": "intent",
                    "value": "\"holidays\""
                }
            ]
        },
        {
            "text": "does my outfit look nice?",
            "entities": [
                {
                    "entity": "intent",
                    "value": "\"user status\""
                },
                {
                    "entity": "Status-Type",
                    "value": "\"outfit\"",
                    "start": 8,
                    "end": 14
                }
            ]
        },
        {
            "text": "anything on my calendar",
            "entities": [
                {
                    "entity": "intent",
                    "value": "\"holidays\""
                }
            ]
        },
        {
            "text": "any holidays coming up",
            "entities": [
                {
                    "entity": "intent",
                    "value": "\"holidays\""
                }
            ]
        },
        {
            "text": "I want to hear a joke",
            "entities": [
                {
                    "entity": "intent",
                    "value": "\"joke\""
                }
            ]
        },
        {
            "text": "any upcoming holidays",
            "entities": [
                {
                    "entity": "intent",
                    "value": "\"holidays\""
                }
            ]
        },
        {
            "text": "How do I look?",
            "entities": [
                {
                    "entity": "intent",
                    "value": "\"user status\""
                }
            ]
        },
        {
            "text": "hey",
            "entities": [
                {
                    "entity": "intent",
                    "value": "\"greeting\""
                }
            ]
        },
        {
            "text": "hi",
            "entities": [
                {
                    "entity": "intent",
                    "value": "\"greeting\""
                }
            ]
        },
        {
            "text": "how are you doing",
            "entities": [
                {
                    "entity": "intent",
                    "value": "\"personal status\""
                }
            ]
        },
        {
            "text": "do my clothes look nice?",
            "entities": [
                {
                    "entity": "intent",
                    "value": "\"user status\""
                },
                {
                    "entity": "Status-Type",
                    "value": "\"outfit\"",
                    "start": 6,
                    "end": 13
                }
            ]
        },
        {
            "text": "f*** you",
            "entities": [
                {
                    "entity": "intent",
                    "value": "\"insult\""
                }
            ]
        },
        {
            "text": "good morning",
            "entities": [
                {
                    "entity": "intent",
                    "value": "\"greeting\""
                },
                {
                    "entity": "datetime",
                    "value": "{\"to\":\"2020-01-02T12:00:00.000+07:00\",\"from\":\"2020-01-02T00:00:00.000+07:00\"}",
                    "start": 5,
                    "end": 12
                }
            ]
        },
        {
            "text": "do I have anything coming up soon",
            "entities": [
                {
                    "entity": "intent",
                    "value": "\"holidays\""
                }
            ]
        },
        {
            "text": "do my clothes look good?",
            "entities": [
                {
                    "entity": "intent",
                    "value": "\"user status\""
                },
                {
                    "entity": "Status-Type",
                    "value": "\"clothes\"",
                    "start": 6,
                    "end": 13
                }
            ]
        },
        {
            "text": "does my hair look good",
            "entities": [
                {
                    "entity": "intent",
                    "value": "\"user status\""
                },
                {
                    "entity": "Status-Type",
                    "value": "\"hair\"",
                    "start": 8,
                    "end": 12
                }
            ]
        },
        {
            "text": "hello",
            "entities": [
                {
                    "entity": "intent",
                    "value": "\"greeting\""
                }
            ]
        },
        {
            "text": "do I have anything to do this week?",
            "entities": [
                {
                    "entity": "datetime",
                    "value": "\"2016-09-12T00:00:00.000+07:00\"",
                    "start": 25,
                    "end": 34
                }
            ]
        },
        {
            "text": "Show me a map",
            "entities": [
                {
                    "entity": "intent",
                    "value": "\"maps\""
                }
            ]
        },
        {
            "text": "Do I look fresh as f***",
            "entities": [
                {
                    "entity": "intent",
                    "value": "\"user status\""
                }
            ]
        },
        {
            "text": "what do I have on my calendar today",
            "entities": [
                {
                    "entity": "datetime",
                    "value": "\"2016-09-18T00:00:00.000+07:00\"",
                    "start": 30,
                    "end": 35
                }
            ]
        },
        {
            "text": "you suck d***",
            "entities": [
                {
                    "entity": "intent",
                    "value": "\"insult\""
                }
            ]
        },
        {
            "text": "what do I have on my calendar this week",
            "entities": [
                {
                    "entity": "datetime",
                    "value": "\"2016-09-12T00:00:00.000+07:00\"",
                    "start": 30,
                    "end": 39
                }
            ]
        },
        {
            "text": "what do you look like",
            "entities": [
                {
                    "entity": "intent",
                    "value": "\"appearance\""
                }
            ]
        },
        {
            "text": "what's the forecast for the rest of the week",
            "entities": [
                {
                    "entity": "intent",
                    "value": "\"weather\""
                },
                {
                    "entity": "Weather-Type",
                    "value": "\"7 day\""
                }
            ]
        },
        {
            "text": "what do I have planned for today",
            "entities": [
                {
                    "entity": "datetime",
                    "value": "\"2016-09-18T00:00:00.000+07:00\"",
                    "start": 27,
                    "end": 32
                }
            ]
        },
        {
            "text": "what is your appearance",
            "entities": [
                {
                    "entity": "intent",
                    "value": "\"appearance\""
                }
            ]
        },
        {
            "text": "what do I have planned for this week",
            "entities": [
                {
                    "entity": "datetime",
                    "value": "\"2016-09-12T00:00:00.000+07:00\"",
                    "start": 27,
                    "end": 36
                }
            ]
        },
        {
            "text": "what's the forecast for today?",
            "entities": [
                {
                    "entity": "intent",
                    "value": "\"weather\""
                },
                {
                    "entity": "datetime",
                    "value": "\"2016-09-18T00:00:00.000+07:00\"",
                    "start": 24,
                    "end": 29
                }
            ]
        },
        {
            "text": "what's the news for today?",
            "entities": [
                {
                    "entity": "intent",
                    "value": "\"news\""
                },
                {
                    "entity": "datetime",
                    "value": "\"2016-09-30T00:00:00.000+07:00\"",
                    "start": 20,
                    "end": 25
                }
            ]
        },
        {
            "text": "what's my name",
            "entities": [
                {
                    "entity": "intent",
                    "value": "\"user name\""
                }
            ]
        },
        {
            "text": "what was the weather like yesterday",
            "entities": [
                {
                    "entity": "intent",
                    "value": "\"weather\""
                },
                {
                    "entity": "datetime",
                    "value": "\"2016-09-17T00:00:00.000+07:00\"",
                    "start": 26,
                    "end": 35
                }
            ]
        },
        {
            "text": "what's on my calendar for today?",
            "entities": [
                {
                    "entity": "datetime",
                    "value": "\"2016-09-18T00:00:00.000+07:00\"",
                    "start": 26,
                    "end": 31
                }
            ]
        },
        {
            "text": "what's on my calendar this week",
            "entities": [
                {
                    "entity": "datetime",
                    "value": "\"2016-09-12T00:00:00.000+07:00\"",
                    "start": 22,
                    "end": 31
                }
            ]
        },
        {
            "text": "what's my purpose",
            "entities": [
                {
                    "entity": "intent",
                    "value": "\"meaning of life\""
                }
            ]
        },
        {
            "text": "what's on my calendar",
            "entities": [
                {
                    "entity": "intent",
                    "value": "\"holidays\""
                }
            ]
        },
        {
            "text": "what's the current forecast",
            "entities": [
                {
                    "entity": "intent",
                    "value": "\"weather\""
                },
                {
                    "entity": "Weather-Type",
                    "value": "\"current\""
                }
            ]
        },
        {
            "text": "what's the nearest holiday",
            "entities": [
                {
                    "entity": "intent",
                    "value": "\"holidays\""
                }
            ]
        },
        {
            "text": "what's the meaning of life",
            "entities": [
                {
                    "entity": "intent",
                    "value": "\"meaning of life\""
                }
            ]
        },
        {
            "text": "what's the three day forecast",
            "entities": [
                {
                    "entity": "intent",
                    "value": "\"weather\""
                },
                {
                    "entity": "Weather-Type",
                    "value": "\"3 day\"",
                    "start": 11,
                    "end": 20
                }
            ]
        },
        {
            "text": "how do my clothes look",
            "entities": [
                {
                    "entity": "intent",
                    "value": "\"user status\""
                },
                {
                    "entity": "Status-Type",
                    "value": "\"clothes\"",
                    "start": 10,
                    "end": 17
                }
            ]
        },
        {
            "text": "how do I look",
            "entities": [
                {
                    "entity": "intent",
                    "value": "\"user status\""
                }
            ]
        },
        {
            "text": "show me a roadmap of santa clara",
            "entities": [
                {
                    "entity": "intent",
                    "value": "\"maps\""
                },
                {
                    "entity": "Map-Type",
                    "value": "\"roadmap\"",
                    "start": 10,
                    "end": 17
                },
                {
                    "entity": "location",
                    "value": "\"santa clara\"",
                    "start": 21,
                    "end": 32
                }
            ]
        },
        {
            "text": "how does my outfit look",
            "entities": [
                {
                    "entity": "intent",
                    "value": "\"user status\""
                },
                {
                    "entity": "Status-Type",
                    "value": "\"outfit\"",
                    "start": 12,
                    "end": 18
                }
            ]
        },
        {
            "text": "how are you?",
            "entities": [
                {
                    "entity": "intent",
                    "value": "\"personal status\""
                }
            ]
        },
        {
            "text": "show me a satellite map of santa clara",
            "entities": [
                {
                    "entity": "intent",
                    "value": "\"maps\""
                },
                {
                    "entity": "Map-Type",
                    "value": "\"satellite\"",
                    "start": 10,
                    "end": 19
                },
                {
                    "entity": "location",
                    "value": "\"santa clara\"",
                    "start": 27,
                    "end": 38
                }
            ]
        },
        {
            "text": "how does my makeup look",
            "entities": [
                {
                    "entity": "intent",
                    "value": "\"user status\""
                },
                {
                    "entity": "Status-Type",
                    "value": "\"makeup\"",
                    "start": 12,
                    "end": 18
                }
            ]
        },
        {
            "text": "hows the weather look today?",
            "entities": [
                {
                    "entity": "intent",
                    "value": "\"weather\""
                },
                {
                    "entity": "datetime",
                    "value": "\"2016-09-18T00:00:00.000+07:00\"",
                    "start": 22,
                    "end": 27
                }
            ]
        },
        {
            "text": "how does my up do look?",
            "entities": [
                {
                    "entity": "intent",
                    "value": "\"user status\""
                },
                {
                    "entity": "Status-Type",
                    "value": "\"hair\"",
                    "start": 12,
                    "end": 17
                }
            ]
        },
        {
            "text": "show me some current events",
            "entities": [
                {
                    "entity": "intent",
                    "value": "\"news\""
                }
            ]
        },
        {
            "text": "show me a map of new york",
            "entities": [
                {
                    "entity": "intent",
                    "value": "\"maps\""
                },
                {
                    "entity": "location",
                    "value": "\"new york\"",
                    "start": 17,
                    "end": 25
                }
            ]
        },
        {
            "text": "show me a map of des moines",
            "entities": [
                {
                    "entity": "intent",
                    "value": "\"maps\""
                },
                {
                    "entity": "location",
                    "value": "\"des moines\"",
                    "start": 17,
                    "end": 27
                }
            ]
        },
        {
            "text": "show me a normal map of santa clara",
            "entities": [
                {
                    "entity": "intent",
                    "value": "\"maps\""
                },
                {
                    "entity": "Map-Type",
                    "value": "\"normal\"",
                    "start": 10,
                    "end": 16
                },
                {
                    "entity": "location",
                    "value": "\"santa clara\"",
                    "start": 24,
                    "end": 35
                }
            ]
        },
        {
            "text": "show me a hybrid map of santa cruz",
            "entities": [
                {
                    "entity": "intent",
                    "value": "\"maps\""
                },
                {
                    "entity": "Map-Type",
                    "value": "\"hybrid\"",
                    "start": 10,
                    "end": 16
                },
                {
                    "entity": "location",
                    "value": "\"santa cruz\"",
                    "start": 24,
                    "end": 34
                }
            ]
        },
        {
            "text": "show me a map of san francisco",
            "entities": [
                {
                    "entity": "intent",
                    "value": "\"maps\""
                },
                {
                    "entity": "location",
                    "value": "\"san francisco\"",
                    "start": 17,
                    "end": 30
                }
            ]
        },
        {
            "text": "show me a terrain map of santa clara",
            "entities": [
                {
                    "entity": "intent",
                    "value": "\"greeting\""
                },
                {
                    "entity": "Map-Type",
                    "value": "\"terrain\"",
                    "start": 10,
                    "end": 17
                },
                {
                    "entity": "location",
                    "value": "\"santa clara\"",
                    "start": 25,
                    "end": 36
                }
            ]
        },
        {
            "text": "mirror mirror on the wall who's the fairest of them all",
            "entities": [
                {
                    "entity": "intent",
                    "value": "\"snow white\""
                }
            ]
        },
        {
            "text": "reveal yourself",
            "entities": [
                {
                    "entity": "intent",
                    "value": "\"appearance\""
                }
            ]
        },
        {
            "text": "show me a map of santa clara",
            "entities": [
                {
                    "entity": "intent",
                    "value": "\"maps\""
                },
                {
                    "entity": "location",
                    "value": "\"santa clara\"",
                    "start": 17,
                    "end": 28
                }
            ]
        },
        {
            "text": "show me a hybrid map of santa clara",
            "entities": [
                {
                    "entity": "intent",
                    "value": "\"maps\""
                },
                {
                    "entity": "Map-Type",
                    "value": "\"hybrid\"",
                    "start": 10,
                    "end": 16
                },
                {
                    "entity": "location",
                    "value": "\"santa clara\"",
                    "start": 24,
                    "end": 35
                }
            ]
        },
        {
            "text": "why am I here",
            "entities": [
                {
                    "entity": "intent",
                    "value": "\"meaning of life\""
                }
            ]
        },
        {
            "text": "show me a map",
            "entities": [
                {
                    "entity": "intent",
                    "value": "\"maps\""
                }
            ]
        },
        {
            "text": "can you tell me about today's weather",
            "entities": [
                {
                    "entity": "datetime",
                    "value": "\"2020-01-03T00:00:00.000+07:00\"",
                    "start": 16,
                    "end": 27
                },
                {
                    "entity": "intent",
                    "value": "\"weather\""
                }
            ]
        },
        {
            "text": "current weather please",
            "entities": [
                {
                    "entity": "Weather-Type",
                    "value": "\"current\"",
                    "start": 0,
                    "end": 7
                },
                {
                    "entity": "intent",
                    "value": "\"weather\""
                }
            ]
        },
        {
            "text": "can you get today's weather",
            "entities": [
                {
                    "entity": "intent",
                    "value": "\"weather\""
                },
                {
                    "entity": "datetime",
                    "value": "\"2020-01-03T00:00:00.000+07:00\"",
                    "start": 12,
                    "end": 17,
                    "subentities": [
                        {
                            "entity": "Weather-Type",
                            "value": "\"today\"",
                            "start": 0,
                            "end": 5
                        }
                    ]
                }
            ]
        },
        {
            "text": "can you get tomorrow's forecast",
            "entities": [
                {
                    "entity": "intent",
                    "value": "\"weather\""
                },
                {
                    "entity": "datetime",
                    "value": "\"2020-01-04T00:00:00.000+07:00\"",
                    "start": 12,
                    "end": 20,
                    "subentities": [
                        {
                            "entity": "Weather-Type",
                            "value": "\"tomorrow\"",
                            "start": 0,
                            "end": 8
                        }
                    ]
                }
            ]
        },
        {
            "text": "good afternoon",
            "entities": [
                {
                    "entity": "intent",
                    "value": "\"greeting\""
                }
            ]
        },
        {
            "text": "good evening",
            "entities": [
                {
                    "entity": "intent",
                    "value": "\"greeting\""
                }
            ]
        },
        {
            "text": "how's the weather like this week",
            "entities": [
                {
                    "entity": "intent",
                    "value": "\"weather\""
                },
                {
                    "entity": "datetime",
                    "value": "\"2019-12-30T00:00:00.000+07:00\"",
                    "start": 23,
                    "end": 32,
                    "subentities": [
                        {
                            "entity": "Weather-Type",
                            "value": "\"7 day\"",
                            "start": 0,
                            "end": 9
                        }
                    ]
                }
            ]
        },
        {
            "text": "what's the forecast for the next few days",
            "entities": [
                {
                    "entity": "intent",
                    "value": "\"weather\""
                },
                {
                    "entity": "datetime",
                    "value": "{\"to\":\"2020-01-07T00:00:00.000+07:00\",\"from\":\"2020-01-04T00:00:00.000+07:00\"}",
                    "start": 28,
                    "end": 41,
                    "subentities": [
                        {
                            "entity": "Weather-Type",
                            "value": "\"3 day\"",
                            "start": 0,
                            "end": 13
                        }
                    ]
                }
            ]
        },
        {
            "text": "what's the weather like this week",
            "entities": [
                {
                    "entity": "intent",
                    "value": "\"weather\""
                },
                {
                    "entity": "datetime",
                    "value": "\"2019-12-30T00:00:00.000+07:00\"",
                    "start": 24,
                    "end": 33,
                    "subentities": [
                        {
                            "entity": "Weather-Type",
                            "value": "\"7 day\"",
                            "start": 0,
                            "end": 9
                        }
                    ]
                }
            ]
        },
        {
            "text": "how's today's weather",
            "entities": [
                {
                    "entity": "datetime",
                    "value": "\"2020-01-10T00:00:00.000+07:00\"",
                    "start": 6,
                    "end": 11
                },
                {
                    "entity": "intent",
                    "value": "\"weather\""
                }
            ]
        },
        {
            "text": "you stinky",
            "entities": [
                {
                    "entity": "intent",
                    "value": "\"insult\""
                }
            ]
        }
    ]
}
